Sat Oct 29 11:46:30 2022,Experiment LED arduino 33IoT
time(s),Vinput(V),V0,V1,V2
0.005705118179321289,0,0.03,0.01,0.0
0.010970115661621094,0,0.04,0.01,0.0
0.016335248947143555,1,0.02,0.01,0.0
0.021474123001098633,2,0.04,0.0,0.0
0.02695608139038086,3,0.14,0.02,0.0
0.03226327896118164,4,0.09,0.01,0.0
0.03754019737243652,5,0.05,0.0,0.0
0.04289817810058594,6,0.09,0.02,0.0
0.04799795150756836,7,0.08,0.01,0.0
0.053312063217163086,8,0.1,0.02,0.0
0.0586392879486084,9,0.09,0.02,0.0
0.06388711929321289,10,0.09,0.02,0.0
0.06906819343566895,11,0.1,0.03,0.0
0.07433009147644043,12,0.1,0.03,0.0
0.0795290470123291,13,0.08,0.03,0.0
0.08484625816345215,13,0.1,0.04,0.0
0.09024524688720703,14,0.16,0.04,0.0
0.09565520286560059,15,0.12,0.05,0.0
0.1010141372680664,16,0.11,0.05,0.0
0.10628414154052734,17,0.12,0.05,0.0
0.1116030216217041,18,0.14,0.05,0.0
0.11693716049194336,19,0.13,0.06,0.0
0.12220215797424316,20,0.13,0.04,0.0
0.1274721622467041,21,0.14,0.06,0.0
0.1326601505279541,22,0.11,0.06,0.0
0.13799810409545898,23,0.13,0.05,0.0
0.14326810836791992,24,0.12,0.08,0.0
0.1485912799835205,25,0.14,0.07,0.0
0.1539320945739746,26,0.14,0.08,0.01
0.15921616554260254,26,0.15,0.09,0.0
0.16448211669921875,27,0.15,0.08,0.0
0.16994214057922363,28,0.16,0.1,0.0
0.17532610893249512,29,0.16,0.08,0.0
0.18075919151306152,30,0.14,0.09,0.02
0.18619108200073242,31,0.15,0.09,0.0
0.1915130615234375,32,0.16,0.1,0.0
0.1968240737915039,33,0.17,0.09,0.0
0.20204615592956543,34,0.17,0.1,0.01
0.20736217498779297,35,0.17,0.11,0.0
0.21282410621643066,36,0.18,0.11,0.0
0.21818804740905762,37,0.17,0.11,0.0
0.2236630916595459,38,0.19,0.11,0.0
0.22885513305664062,39,0.17,0.13,0.0
0.23414015769958496,40,0.18,0.11,0.0
0.23949909210205078,40,0.18,0.12,0.0
0.2448441982269287,41,0.18,0.13,0.0
0.2501802444458008,42,0.19,0.13,0.01
0.2555210590362549,43,0.2,0.14,0.03
0.2608299255371094,44,0.19,0.13,0.0
0.2660863399505615,45,0.19,0.13,0.0
0.2716062068939209,46,0.21,0.14,0.0
0.2768821716308594,47,0.19,0.14,0.0
0.28232812881469727,48,0.22,0.14,0.0
0.287642240524292,49,0.21,0.16,0.0
0.2929842472076416,50,0.21,0.15,0.0
0.2980620861053467,51,0.22,0.14,0.0
0.30325913429260254,52,0.19,0.17,0.0
0.3085193634033203,53,0.21,0.2,0.0
0.31386232376098633,53,0.22,0.16,0.0
0.3191392421722412,54,0.24,0.17,0.0
0.32437825202941895,55,0.24,0.17,0.0
0.3297290802001953,56,0.25,0.18,0.0
0.33507513999938965,57,0.22,0.19,0.0
0.3403301239013672,58,0.23,0.18,0.0
0.3456079959869385,59,0.24,0.18,0.0
0.3508932590484619,60,0.26,0.18,0.0
0.35620832443237305,61,0.25,0.24,0.0
0.36154603958129883,62,0.25,0.19,0.0
0.3669440746307373,63,0.25,0.2,0.01
0.3722660541534424,64,0.25,0.2,0.0
0.3774902820587158,65,0.27,0.2,0.04
0.3828401565551758,66,0.27,0.2,0.01
0.3881871700286865,67,0.26,0.21,0.0
0.39359521865844727,67,0.23,0.21,0.0
0.3989591598510742,68,0.26,0.21,0.0
0.4042191505432129,69,0.28,0.2,0.0
0.4096231460571289,70,0.26,0.22,0.0
0.4149949550628662,71,0.26,0.24,0.0
0.4201679229736328,72,0.28,0.26,0.0
0.4254732131958008,73,0.28,0.22,0.0
0.4305710792541504,74,0.28,0.23,0.0
0.4358091354370117,75,0.28,0.25,0.0
0.4412961006164551,76,0.31,0.24,0.0
0.446514368057251,77,0.28,0.24,0.0
0.45195913314819336,78,0.29,0.24,0.0
0.45806121826171875,79,0.3,0.24,0.0
0.4633932113647461,80,0.3,0.25,0.0
0.4687812328338623,80,0.31,0.25,0.0
0.4740450382232666,81,0.31,0.25,0.0
0.47925710678100586,82,0.3,0.24,0.0
0.4846842288970947,83,0.31,0.25,0.0
0.49034810066223145,84,0.31,0.27,0.0
0.49599409103393555,85,0.31,0.26,0.0
0.5015041828155518,86,0.31,0.27,0.0
0.5070581436157227,87,0.34,0.27,0.0
0.5124661922454834,88,0.31,0.28,0.0
0.5180070400238037,89,0.34,0.27,0.0
0.5234870910644531,90,0.35,0.28,0.0
0.5291032791137695,91,0.37,0.28,0.0
0.534649133682251,92,0.34,0.29,0.0
0.5400400161743164,93,0.31,0.28,0.0
0.5453932285308838,94,0.34,0.29,0.0
0.550814151763916,94,0.34,0.29,0.0
0.5562081336975098,95,0.34,0.29,0.0
0.5615112781524658,96,0.35,0.29,0.0
0.5668742656707764,97,0.34,0.3,0.0
0.5722532272338867,98,0.35,0.31,0.0
0.5777032375335693,99,0.33,0.31,0.0
0.5831942558288574,100,0.37,0.3,0.0
0.5887212753295898,101,0.36,0.32,0.0
0.5943031311035156,102,0.34,0.32,0.0
0.6000242233276367,103,0.37,0.32,0.0
0.6055951118469238,104,0.37,0.32,0.0
0.61104416847229,105,0.38,0.33,0.0
0.6165521144866943,106,0.36,0.33,0.0
0.6220769882202148,107,0.39,0.34,0.0
0.6274521350860596,107,0.39,0.34,0.0
0.6328492164611816,108,0.35,0.39,0.0
0.6381051540374756,109,0.37,0.34,0.0
0.6435141563415527,110,0.37,0.35,0.0
0.6490042209625244,111,0.4,0.35,0.0
0.6543962955474854,112,0.4,0.35,0.0
0.6598773002624512,113,0.38,0.35,0.0
0.6654491424560547,114,0.4,0.34,0.0
0.6709771156311035,115,0.39,0.36,0.0
0.6765260696411133,116,0.41,0.35,0.0
0.6821420192718506,117,0.42,0.37,0.0
0.6876730918884277,118,0.41,0.35,0.0
0.693228006362915,119,0.41,0.37,0.01
0.6987571716308594,120,0.42,0.44,0.0
0.7041699886322021,121,0.41,0.37,0.0
0.709705114364624,121,0.41,0.38,0.0
0.7155473232269287,122,0.43,0.38,0.0
0.7210941314697266,123,0.39,0.37,0.0
0.7266602516174316,124,0.43,0.39,0.0
0.7322361469268799,125,0.42,0.39,0.0
0.7377901077270508,126,0.43,0.39,0.0
0.7432730197906494,127,0.44,0.4,0.0
0.7489721775054932,128,0.45,0.41,0.0
0.7544591426849365,129,0.44,0.4,0.0
0.7602951526641846,130,0.42,0.41,0.0
0.765944242477417,131,0.46,0.41,0.0
0.7714231014251709,132,0.46,0.41,0.0
0.7769651412963867,133,0.45,0.42,0.0
0.7825250625610352,134,0.46,0.42,0.0
0.7881360054016113,134,0.46,0.42,0.0
0.7938761711120605,135,0.47,0.43,0.0
0.7992420196533203,136,0.45,0.43,0.0
0.8046243190765381,137,0.45,0.44,0.0
0.8099291324615479,138,0.47,0.44,0.0
0.8152410984039307,139,0.47,0.44,0.0
0.8205492496490479,140,0.52,0.45,0.0
0.8261251449584961,141,0.47,0.45,0.0
0.8317050933837891,142,0.48,0.43,0.0
0.8370640277862549,143,0.49,0.45,0.0
0.8423941135406494,144,0.49,0.45,0.0
0.8479230403900146,145,0.51,0.46,0.0
0.8534121513366699,146,0.49,0.46,0.0
0.8589861392974854,147,0.49,0.46,0.0
0.8647270202636719,148,0.5,0.47,0.0
0.8701472282409668,148,0.5,0.47,0.0
0.8754842281341553,149,0.51,0.47,0.0
0.8808560371398926,150,0.51,0.48,0.0
0.886237382888794,151,0.5,0.48,0.0
0.8918793201446533,152,0.52,0.48,0.0
0.8972921371459961,153,0.52,0.5,0.0
0.9026832580566406,154,0.52,0.48,0.0
0.9082262516021729,155,0.53,0.49,0.0
0.9137511253356934,156,0.54,0.48,0.0
0.9192261695861816,157,0.53,0.49,0.0
0.9248650074005127,158,0.53,0.49,0.0
0.9303359985351562,159,0.59,0.5,0.0
0.9359922409057617,160,0.53,0.51,0.0
0.9415433406829834,161,0.53,0.51,0.0
0.9470961093902588,161,0.56,0.51,0.0
0.9525141716003418,162,0.55,0.51,0.0
0.9580211639404297,163,0.55,0.52,0.0
0.9636280536651611,164,0.55,0.52,0.0
0.9689462184906006,165,0.56,0.53,0.0
0.9743602275848389,166,0.57,0.53,0.0
0.9802291393280029,167,0.56,0.53,0.0
0.9858801364898682,168,0.55,0.52,0.0
0.9914953708648682,169,0.55,0.54,0.0
0.9971189498901367,170,0.55,0.54,0.0
1.0024831295013428,171,0.57,0.53,0.0
1.0078153610229492,172,0.59,0.55,0.0
1.01340913772583,173,0.62,0.58,0.0
1.018989086151123,174,0.58,0.55,0.0
1.024524211883545,175,0.58,0.56,0.0
1.0300061702728271,175,0.56,0.55,0.0
1.0354230403900146,176,0.59,0.56,0.0
1.0409481525421143,177,0.58,0.56,0.0
1.046370029449463,178,0.59,0.57,0.0
1.0517871379852295,179,0.61,0.55,0.0
1.057220220565796,180,0.58,0.56,0.0
1.0624232292175293,181,0.61,0.57,0.0
1.0678541660308838,182,0.59,0.57,0.0
1.073221206665039,183,0.62,0.58,0.0
1.078512191772461,184,0.6,0.58,0.0
1.0840141773223877,185,0.61,0.58,0.0
1.089325189590454,186,0.6,0.61,0.0
1.0945379734039307,187,0.62,0.59,0.0
1.0999372005462646,188,0.62,0.6,0.0
1.1052851676940918,188,0.62,0.58,0.0
1.1105680465698242,189,0.63,0.61,0.0
1.1160392761230469,190,0.62,0.6,0.0
1.1214730739593506,191,0.64,0.6,0.0
1.1269052028656006,192,0.62,0.61,0.0
1.132349967956543,193,0.68,0.61,0.0
1.1377480030059814,194,0.63,0.61,0.0
1.1430771350860596,195,0.64,0.62,0.0
1.148672103881836,196,0.65,0.62,0.0
1.1540181636810303,197,0.66,0.63,0.0
1.1595163345336914,198,0.62,0.64,0.0
1.1651451587677002,199,0.66,0.63,0.0
1.1705312728881836,200,0.68,0.63,0.0
1.1760220527648926,201,0.64,0.64,0.0
1.1820452213287354,202,0.65,0.65,0.0
1.1876542568206787,202,0.65,0.65,0.0
1.1933603286743164,203,0.67,0.65,0.0
1.1990032196044922,204,0.67,0.65,0.0
1.2045350074768066,205,0.66,0.63,0.0
1.2100801467895508,206,0.68,0.65,0.0
1.215517282485962,207,0.68,0.66,0.01
1.22104811668396,208,0.64,0.66,0.0
1.2265040874481201,209,0.69,0.72,0.0
1.2322540283203125,210,0.69,0.67,0.0
1.237800121307373,211,0.69,0.67,0.0
1.243213176727295,212,0.67,0.67,0.0
1.248734951019287,213,0.7,0.67,0.0
1.2542719841003418,214,0.7,0.68,0.0
1.259580135345459,215,0.7,0.69,0.0
1.265315055847168,215,0.71,0.68,0.0
1.2709403038024902,216,0.71,0.69,0.0
1.2765660285949707,217,0.71,0.69,0.0
1.2825181484222412,218,0.71,0.69,0.0
1.2883021831512451,219,0.71,0.7,0.0
1.2939069271087646,220,0.7,0.7,0.0
1.2998521327972412,221,0.71,0.7,0.0
1.3056492805480957,222,0.72,0.71,0.0
1.3112351894378662,223,0.73,0.72,0.0
1.3168399333953857,224,0.71,0.71,0.0
1.3221161365509033,225,0.74,0.72,0.0
1.3273370265960693,226,0.74,0.72,0.0
1.3325309753417969,227,0.75,0.73,0.0
1.3378911018371582,228,0.73,0.72,0.0
1.3431611061096191,229,0.75,0.73,0.0
1.3483991622924805,229,0.75,0.74,0.0
1.353727102279663,230,0.75,0.79,0.0
1.3589990139007568,231,0.72,0.74,0.0
1.3642492294311523,232,0.75,0.74,0.0
1.3695061206817627,233,0.76,0.74,0.0
1.374880075454712,234,0.76,0.74,0.0
1.3801782131195068,235,0.77,0.75,0.01
1.3854773044586182,236,0.76,0.74,0.0
1.3906712532043457,237,0.75,0.76,0.0
1.3959810733795166,238,0.78,0.75,0.0
1.4015281200408936,239,0.78,0.76,0.0
1.4068541526794434,240,0.77,0.76,0.0
1.4123079776763916,241,0.8,0.77,0.0
1.4176661968231201,242,0.77,0.77,0.0
1.4231321811676025,242,0.76,0.78,0.0
1.4284842014312744,243,0.79,0.78,0.0
1.4339241981506348,244,0.79,0.77,0.0
1.439310073852539,245,0.8,0.78,0.0
1.4446263313293457,246,0.79,0.79,0.0
1.4500350952148438,247,0.81,0.77,0.0
1.455538272857666,248,0.8,0.79,0.0
1.4608712196350098,249,0.85,0.79,0.0
1.466325044631958,250,0.81,0.79,0.0
1.4717402458190918,251,0.82,0.81,0.0
1.47731614112854,252,0.82,0.8,0.0
1.4829881191253662,253,0.85,0.8,0.0
1.4888572692871094,254,0.82,0.8,0.0
1.4943370819091797,255,0.81,0.81,0.0
1.4998621940612793,256,0.8,0.81,0.0
1.5052971839904785,256,0.83,0.82,0.0
1.5107090473175049,257,0.81,0.83,0.0
1.5160222053527832,258,0.82,0.82,0.0
1.5215129852294922,259,0.83,0.82,0.0
1.5272183418273926,260,0.84,0.82,0.0
1.5326671600341797,261,0.85,0.83,0.0
1.5380711555480957,262,0.84,0.83,0.0
1.5434250831604004,263,0.85,0.84,0.0
1.5490140914916992,264,0.84,0.84,0.0
1.554429054260254,265,0.86,0.85,0.0
1.5595982074737549,266,0.88,0.85,0.0
1.5650811195373535,267,0.86,0.85,0.0
1.5703871250152588,268,0.88,0.84,0.0
1.5758583545684814,269,0.87,0.86,0.0
1.5811970233917236,269,0.87,0.86,0.0
1.5864930152893066,270,0.87,0.87,0.0
1.5919890403747559,271,0.86,0.87,0.0
1.5974252223968506,272,0.86,0.95,0.0
1.602858066558838,273,0.88,0.87,0.0
1.6082260608673096,274,0.88,0.87,0.01
1.6136090755462646,275,0.89,0.94,0.0
1.6188652515411377,276,0.88,0.88,0.0
1.6241540908813477,277,0.86,0.88,0.0
1.629446268081665,278,0.89,0.96,0.0
1.6348681449890137,279,0.9,0.91,0.0
1.6403419971466064,280,0.9,0.88,0.0
1.6457810401916504,281,0.9,0.89,0.0
1.651339054107666,282,0.88,0.9,0.0
1.6569900512695312,282,0.91,0.9,0.0
1.6625573635101318,283,0.9,0.91,0.01
1.6682119369506836,284,0.92,0.9,0.0
1.6735942363739014,285,0.91,0.91,0.0
1.679333209991455,286,0.91,0.9,0.0
1.6857893466949463,287,0.91,0.91,0.0
1.6919002532958984,288,0.9,0.93,0.0
1.6985809803009033,289,0.92,0.91,0.0
1.704200029373169,290,0.93,0.91,0.0
1.7100350856781006,291,0.93,0.91,0.0
1.7174060344696045,292,0.94,0.93,0.0
1.7258110046386719,293,0.92,0.94,0.01
1.7316691875457764,294,0.94,0.94,0.0
1.7373833656311035,295,0.95,1.02,0.0
1.743360996246338,296,0.95,0.94,0.0
1.7489280700683594,296,0.94,0.95,0.0
1.7545301914215088,297,0.94,0.94,0.0
1.7606573104858398,298,0.95,1.03,0.0
1.7670180797576904,299,0.96,0.96,0.0
1.7739841938018799,300,0.96,0.96,0.0
1.7817351818084717,301,0.96,0.97,0.0
1.7877840995788574,302,0.97,0.96,0.0
1.793715000152588,303,0.94,0.96,0.02
1.8009531497955322,304,0.97,0.95,0.03
1.806549072265625,305,0.96,0.95,0.01
1.8122611045837402,306,0.97,0.99,0.0
1.823202133178711,307,0.98,0.98,0.0
1.8330061435699463,308,0.97,0.98,0.0
1.838489055633545,309,0.97,0.98,0.0
1.843764066696167,309,0.99,0.99,0.0
1.8493030071258545,310,1.0,0.97,0.0
1.8546791076660156,311,0.98,0.99,0.0
1.8602850437164307,312,0.99,0.99,0.0
1.8667521476745605,313,1.0,0.99,0.05
1.8735113143920898,314,0.99,1.02,0.06
1.8789722919464111,315,1.06,1.0,0.01
1.8848521709442139,316,1.0,1.0,0.0
1.8909833431243896,317,1.01,1.01,0.0
1.898043155670166,318,1.0,1.01,0.0
1.904475212097168,319,1.01,1.02,0.09
1.9111590385437012,320,1.03,1.03,0.0
1.9178991317749023,321,1.02,1.02,0.0
1.9251372814178467,322,1.03,1.03,0.0
1.9305710792541504,323,1.04,1.04,0.0
1.9361131191253662,323,1.03,1.03,0.0
1.941615104675293,324,1.04,1.03,0.0
1.9471821784973145,325,1.02,1.04,0.0
1.9536561965942383,326,1.05,1.03,0.0
1.960022211074829,327,1.05,1.04,0.0
1.9668371677398682,328,1.05,1.05,0.0
1.9733572006225586,329,1.05,1.05,0.0
1.9791643619537354,330,1.05,1.05,0.0
1.9861061573028564,331,1.05,1.06,0.0
1.9915692806243896,332,1.06,1.06,0.0
1.9969890117645264,333,1.06,1.07,0.0
2.0023741722106934,334,1.06,1.05,0.0
2.007949113845825,335,1.07,1.08,0.0
2.013493061065674,336,1.04,1.09,0.0
2.0190000534057617,336,1.07,1.07,0.07
2.024545192718506,337,1.06,1.08,0.0
2.030029058456421,338,1.07,1.09,0.0
2.0356810092926025,339,1.08,1.09,0.0
2.0413832664489746,340,1.07,1.08,0.0
2.046760082244873,341,1.08,1.08,0.0
2.0522260665893555,342,1.09,1.1,0.01
2.0577123165130615,343,1.09,1.08,0.0
2.064265012741089,344,1.1,1.11,0.0
2.0751092433929443,345,1.1,1.1,0.01
2.0822691917419434,346,1.09,1.1,0.0
2.0892820358276367,347,1.09,1.12,0.0
2.095276117324829,348,1.1,1.13,0.0
2.1027143001556396,349,1.1,1.2,0.0
2.108415126800537,350,1.11,1.12,0.0
2.114647150039673,350,1.11,1.13,0.0
2.1201250553131104,351,1.12,1.13,0.0
2.1272289752960205,352,1.12,1.11,0.0
2.132944107055664,353,1.09,1.12,0.0
2.1385653018951416,354,1.12,1.13,0.0
2.1442792415618896,355,1.13,1.14,0.0
2.149996042251587,356,1.11,1.14,0.0
2.155750274658203,357,1.14,1.14,0.0
2.162259101867676,358,1.13,1.15,0.0
2.1695542335510254,359,1.13,1.15,0.0
2.175084114074707,360,1.15,1.15,0.0
2.1835741996765137,361,1.15,1.14,0.0
2.1901309490203857,362,1.15,1.16,0.0
2.195651054382324,363,1.15,1.16,0.0
2.2023322582244873,363,1.15,1.15,0.0
2.209724187850952,364,1.16,1.16,0.0
2.2190101146698,365,1.16,1.16,0.0
2.224741220474243,366,1.15,1.17,0.0
2.232337236404419,367,1.16,1.17,0.0
2.2378759384155273,368,1.17,1.18,0.0
2.2434351444244385,369,1.17,1.18,0.0
2.248997211456299,370,1.16,1.18,0.0
2.254467248916626,371,1.17,1.19,0.0
2.2598941326141357,372,1.17,1.19,0.0
2.265580177307129,373,1.17,1.19,0.0
2.273388147354126,374,1.18,1.2,0.0
2.2794761657714844,375,1.19,1.2,0.0
2.2873551845550537,376,1.17,1.28,0.0
2.2932960987091064,377,1.19,1.21,0.0
2.302077054977417,377,1.18,1.2,0.0
2.3085570335388184,378,1.18,1.21,0.0
2.316776990890503,379,1.19,1.21,0.0
2.3233771324157715,380,1.21,1.22,0.0
2.328848123550415,381,1.21,1.22,0.0
2.334397077560425,382,1.22,1.22,0.0
2.339940071105957,383,1.2,1.22,0.01
2.3454642295837402,384,1.2,1.23,0.0
2.3508901596069336,385,1.21,1.23,0.0
2.3562960624694824,386,1.21,1.23,0.0
2.3617401123046875,387,1.21,1.24,0.0
2.3672080039978027,388,1.24,1.24,0.09
2.3727471828460693,389,1.22,1.24,0.0
2.379045248031616,390,1.23,1.24,0.0
2.3877241611480713,390,1.23,1.25,0.0
2.3937532901763916,391,1.24,1.24,0.0
2.399381160736084,392,1.23,1.24,0.0
2.4061670303344727,393,1.25,1.26,0.0
2.411647081375122,394,1.25,1.25,0.0
2.418384313583374,395,1.24,1.27,0.0
2.4244422912597656,396,1.25,1.25,0.0
2.430420160293579,397,1.25,1.25,0.0
2.436385154724121,398,1.25,1.28,0.0
2.4419641494750977,399,1.25,1.27,0.0
2.447728157043457,400,1.26,1.28,0.0
2.453219175338745,401,1.28,1.28,0.0
2.4589293003082275,402,1.27,1.28,0.0
2.4668121337890625,403,1.27,1.29,0.0
2.474247932434082,404,1.28,1.29,0.0
2.480117082595825,404,1.28,1.3,0.0
2.4858450889587402,405,1.28,1.29,0.0
2.4936251640319824,406,1.28,1.3,0.0
2.499305009841919,407,1.26,1.3,0.0
2.5054991245269775,408,1.29,1.29,0.0
2.511437177658081,409,1.29,1.31,0.0
2.518853187561035,410,1.29,1.31,0.0
2.5260040760040283,411,1.29,1.31,0.0
2.5324113368988037,412,1.3,1.32,0.0
2.5389511585235596,413,1.31,1.32,0.0
2.5446221828460693,414,1.33,1.32,0.0
2.551629066467285,415,1.3,1.33,0.0
2.5572211742401123,416,1.3,1.33,0.0
2.5625710487365723,417,1.32,1.34,0.0
2.567903995513916,417,1.32,1.34,0.0
2.573376178741455,418,1.31,1.34,0.0
2.5811703205108643,419,1.32,1.33,0.0
2.587188959121704,420,1.31,1.34,0.0
2.5934650897979736,421,1.32,1.35,0.0
2.6026382446289062,422,1.33,1.35,0.0
2.6098501682281494,423,1.33,1.34,0.0
2.6153430938720703,424,1.34,1.35,0.0
2.622927188873291,425,1.35,1.36,0.0
2.6285393238067627,426,1.34,1.36,0.0
2.6344821453094482,427,1.35,1.36,0.0
2.6405622959136963,428,1.31,1.37,0.0
2.6459052562713623,429,1.35,1.37,0.0
2.65156626701355,430,1.34,1.38,0.0
2.6569783687591553,431,1.36,1.38,0.0
2.663638114929199,431,1.37,1.39,0.0
2.6691830158233643,432,1.36,1.38,0.0
2.6751322746276855,433,1.35,1.38,0.0
2.6812331676483154,434,1.36,1.39,0.0
2.687077283859253,435,1.37,1.38,0.0
2.692958116531372,436,1.37,1.39,0.0
2.6992220878601074,437,1.38,1.4,0.0
2.7053072452545166,438,1.38,1.39,0.0
2.710841178894043,439,1.39,1.41,0.03
2.7177200317382812,440,1.39,1.41,0.01
2.7250492572784424,441,1.39,1.42,0.0
2.7316720485687256,442,1.38,1.41,0.0
2.7382662296295166,443,1.39,1.41,0.0
2.7439870834350586,444,1.4,1.43,0.0
2.749535083770752,444,1.4,1.43,0.01
2.7550783157348633,445,1.4,1.43,0.0
2.760460138320923,446,1.41,1.42,0.0
2.765937328338623,447,1.4,1.43,0.04
2.7713491916656494,448,1.41,1.43,0.0
2.777208089828491,449,1.41,1.44,0.0
2.784359931945801,450,1.42,1.44,0.0
2.7902190685272217,451,1.42,1.44,0.0
2.7959542274475098,452,1.41,1.45,0.0
2.8020691871643066,453,1.43,1.45,0.0
2.807791233062744,454,1.44,1.45,0.0
2.8165900707244873,455,1.39,1.45,0.0
2.82230806350708,456,1.42,1.45,0.0
2.832124948501587,457,1.43,1.46,0.0
2.838801145553589,458,1.44,1.47,0.0
2.8444390296936035,458,1.44,1.47,0.0
2.8497800827026367,459,1.45,1.47,0.0
2.855191230773926,460,1.45,1.47,0.0
2.860943078994751,461,1.45,1.48,0.0
2.8672451972961426,462,1.46,1.47,0.0
2.8733701705932617,463,1.45,1.48,0.0
2.8798153400421143,464,1.46,1.48,0.0
2.8863329887390137,465,1.45,1.49,0.01
2.893362283706665,466,1.45,1.49,0.0
2.8989832401275635,467,1.47,1.49,0.01
2.905677080154419,468,1.47,1.5,0.0
2.9115352630615234,469,1.46,1.5,0.0
2.9181981086730957,470,1.47,1.51,0.0
2.924412250518799,471,1.49,1.51,0.0
2.930957078933716,471,1.49,1.51,0.0
2.9368581771850586,472,1.5,1.51,0.0
2.9448530673980713,473,1.51,1.51,0.0
2.9509100914001465,474,1.5,1.52,0.0
2.9566311836242676,475,1.48,1.52,0.0
2.962106227874756,476,1.5,1.52,0.0
2.9682281017303467,477,1.51,1.53,0.0
2.9749550819396973,478,1.51,1.53,0.0
2.982842206954956,479,1.52,1.53,0.0
2.989370107650757,480,1.51,1.54,0.0
2.9973020553588867,481,1.56,1.54,0.0
3.003765106201172,482,1.52,1.54,0.0
3.0100011825561523,483,1.52,1.54,0.0
3.01815128326416,484,1.52,1.55,0.0
3.024393081665039,485,1.52,1.55,0.0
3.0331640243530273,485,1.53,1.55,0.0
3.0394649505615234,486,1.53,1.55,0.0
3.045774221420288,487,1.54,1.56,0.01
3.052286148071289,488,1.52,1.56,0.0
3.0578551292419434,489,1.54,1.56,0.0
3.063340187072754,490,1.55,1.58,0.0
3.068758010864258,491,1.55,1.56,0.0
3.0741381645202637,492,1.55,1.62,0.0
3.0795531272888184,493,1.54,1.58,0.0
3.0854201316833496,494,1.55,1.57,0.0
3.0922110080718994,495,1.55,1.58,0.0
3.099411964416504,496,1.56,1.59,0.0
3.105772018432617,497,1.56,1.59,0.0
3.1111490726470947,498,1.56,1.59,0.0
3.1181602478027344,498,1.57,1.6,0.0
3.123993158340454,499,1.57,1.6,0.0
3.1313581466674805,500,1.57,1.6,0.0
3.1371819972991943,501,1.58,1.6,0.0
3.1430840492248535,502,1.58,1.61,0.0
3.1495213508605957,503,1.58,1.62,0.0
3.155380964279175,504,1.57,1.62,0.0
3.1610612869262695,505,1.59,1.6,0.0
3.167006015777588,506,1.59,1.62,0.0
3.172631025314331,507,1.6,1.67,0.0
3.184448003768921,508,1.6,1.63,0.0
3.190899133682251,509,1.6,1.63,0.0
3.1964333057403564,510,1.6,1.63,0.0
3.2020201683044434,511,1.61,1.64,0.0
3.2105789184570312,511,1.61,1.64,0.0
3.2169082164764404,512,1.61,1.64,0.0
3.2239651679992676,513,1.62,1.65,0.0
3.230433225631714,514,1.63,1.65,0.0
3.2365193367004395,515,1.63,1.65,0.0
3.2432923316955566,516,1.62,1.63,0.0
3.250882148742676,517,1.63,1.65,0.0
3.256530284881592,518,1.63,1.72,0.0
3.2619290351867676,519,1.61,1.66,0.0
3.267496109008789,520,1.65,1.66,0.0
3.273336172103882,521,1.64,1.66,0.03
3.2802910804748535,522,1.64,1.66,0.0
3.28629207611084,523,1.63,1.68,0.0
3.2932679653167725,524,1.64,1.68,0.0
3.2990589141845703,525,1.64,1.68,0.0
3.305457353591919,525,1.66,1.68,0.0
3.3117921352386475,526,1.66,1.69,0.0
3.318794012069702,527,1.67,1.68,0.0
3.3244590759277344,528,1.66,1.69,0.0
3.331228256225586,529,1.67,1.69,0.0
3.3371481895446777,530,1.65,1.7,0.0
3.3443350791931152,531,1.67,1.7,0.0
3.353753089904785,532,1.69,1.71,0.0
3.3594701290130615,533,1.67,1.71,0.0
3.36496901512146,534,1.66,1.7,0.0
3.3732380867004395,535,1.68,1.71,0.0
3.3788559436798096,536,1.69,1.73,0.0
3.3866071701049805,537,1.69,1.72,0.0
3.3932180404663086,538,1.68,1.72,0.0
3.399076223373413,538,1.69,1.73,0.0
3.40543532371521,539,1.7,1.73,0.0
3.4113800525665283,540,1.7,1.73,0.01
3.4182300567626953,541,1.69,1.73,0.01
3.4247381687164307,542,1.7,1.73,0.0
3.432108163833618,543,1.72,1.74,0.0
3.4389030933380127,544,1.7,1.75,0.0
3.4448719024658203,545,1.71,1.75,0.0
3.4505181312561035,546,1.72,1.73,0.01
3.4562172889709473,547,1.73,1.75,0.01
3.461637258529663,548,1.72,1.76,0.0
3.4674742221832275,549,1.71,1.75,0.0
3.4739882946014404,550,1.73,1.76,0.0
3.480333089828491,551,1.73,1.77,0.0
3.486361265182495,552,1.73,1.77,0.0
3.4935193061828613,552,1.73,1.77,0.0
3.500002145767212,553,1.73,1.75,0.0
3.505861282348633,554,1.74,1.77,0.0
3.512103319168091,555,1.74,1.78,0.0
3.5196433067321777,556,1.75,1.79,0.0
3.525383234024048,557,1.75,1.78,0.0
3.5327579975128174,558,1.74,1.78,0.0
3.539729118347168,559,1.75,1.79,0.0
3.5478720664978027,560,1.77,1.77,0.0
3.5535941123962402,561,1.77,1.8,0.0
3.5589921474456787,562,1.76,1.8,0.0
3.564650058746338,563,1.77,1.8,0.0
3.5702152252197266,564,1.77,1.81,0.0
3.5759313106536865,565,1.77,1.8,0.0
3.5821421146392822,565,1.78,1.81,0.0
3.5920939445495605,566,1.78,1.81,0.0
3.5979862213134766,567,1.76,1.82,0.0
3.6065149307250977,568,1.78,1.82,0.0
3.61407208442688,569,1.79,1.82,0.0
3.620553970336914,570,1.79,1.83,0.0
3.628326177597046,571,1.8,1.83,0.0
3.634446144104004,572,1.8,1.83,0.0
3.641569137573242,573,1.8,1.84,0.0
3.6497461795806885,574,1.79,1.84,0.0
3.6581571102142334,575,1.79,1.84,0.0
3.663835287094116,576,1.8,1.85,0.0
3.669389247894287,577,1.81,1.85,0.0
3.6750800609588623,578,1.81,1.85,0.0
3.6808509826660156,579,1.81,1.85,0.0
3.686575174331665,579,1.82,1.86,0.0
3.6923110485076904,580,1.82,1.86,0.01
3.6990180015563965,581,1.82,1.86,0.0
3.7059383392333984,582,1.82,1.86,0.0
3.71225905418396,583,1.83,1.87,0.0
3.718330144882202,584,1.84,1.87,0.0
3.7259671688079834,585,1.84,1.87,0.0
3.739246129989624,586,1.84,1.88,0.0
3.7448372840881348,587,1.84,1.88,0.0
3.755005121231079,588,1.85,1.88,0.0
3.7609663009643555,589,1.85,1.89,0.0
3.766477108001709,590,1.85,1.89,0.0
3.7719831466674805,591,1.85,1.89,0.0
3.7774100303649902,592,1.86,1.91,0.0
3.783043146133423,592,1.85,1.89,0.01
3.7886862754821777,593,1.87,1.9,0.0
3.794417142868042,594,1.86,1.99,0.0
3.800333023071289,595,1.86,1.92,0.0
3.8074121475219727,596,1.88,1.92,0.0
3.8145081996917725,597,1.88,1.91,0.0
3.8202061653137207,598,1.87,1.92,0.0
3.8259711265563965,599,1.87,1.92,0.0
3.8350892066955566,600,1.88,1.93,0.0
3.845018148422241,601,1.87,1.93,0.0
3.8509409427642822,602,1.88,1.94,0.0
3.858657121658325,603,1.88,1.93,0.0
3.864349365234375,604,1.89,1.95,0.0
3.869832992553711,605,1.89,1.94,0.0
3.875331163406372,606,1.9,1.95,0.0
3.88093900680542,606,1.9,1.93,0.0
3.886385202407837,607,1.91,1.95,0.0
3.8921380043029785,608,1.9,1.95,0.0
3.8994219303131104,609,1.91,1.95,0.0
3.9049952030181885,610,1.9,1.97,0.0
3.910759210586548,611,1.9,1.96,0.0
3.917140007019043,612,1.92,1.96,0.0
3.922729969024658,613,1.92,1.96,0.0
3.9287221431732178,614,1.91,1.96,0.0
3.936880111694336,615,1.91,1.97,0.0
3.9431071281433105,616,1.93,1.97,0.0
3.9498109817504883,617,1.93,1.98,0.0
3.957854986190796,618,1.93,1.98,0.0
3.965963125228882,619,1.93,1.98,0.01
3.9715492725372314,619,1.94,2.05,0.0
3.977034091949463,620,1.93,1.99,0.0
3.9825611114501953,621,1.95,2.06,0.0
3.9881021976470947,622,1.95,1.98,0.0
3.9943480491638184,623,1.95,2.0,0.0
4.001084327697754,624,1.95,2.0,0.0
4.007914066314697,625,1.95,2.0,0.0
4.0139241218566895,626,1.95,1.99,0.0
4.02046012878418,627,1.95,2.01,0.0
4.029425144195557,628,1.95,2.01,0.0
4.035067319869995,629,1.95,2.01,0.0
4.040569067001343,630,1.96,2.02,0.0
4.046126127243042,631,1.96,2.02,0.0
4.051596164703369,632,1.96,2.03,0.0
4.058172941207886,633,1.96,2.03,0.0
4.064397096633911,633,1.96,2.03,0.0
4.06991720199585,634,1.95,2.04,0.0
4.0754852294921875,635,1.98,2.03,0.0
4.081012964248657,636,1.97,2.04,0.0
4.086470127105713,637,1.97,2.05,0.0
4.092607021331787,638,1.97,2.05,0.09
4.1001973152160645,639,1.98,2.05,0.0
4.107212066650391,640,1.98,2.05,0.0
4.1139020919799805,641,1.96,2.05,0.01
4.1200220584869385,642,1.98,2.06,0.0
4.126600027084351,643,1.98,2.06,0.0
4.133695125579834,644,1.99,2.06,0.0
4.139474153518677,645,1.98,2.06,0.0
4.145370244979858,646,1.99,2.06,0.0
4.152689218521118,646,1.98,2.07,0.0
4.1582701206207275,647,1.98,2.07,0.0
4.1639182567596436,648,1.99,2.07,0.0
4.169509172439575,649,2.0,2.09,0.0
4.174981117248535,650,1.99,2.08,0.0
4.1805150508880615,651,2.0,2.09,0.0
4.186037063598633,652,1.99,2.09,0.0
4.191589117050171,653,1.99,2.07,0.0
4.197115182876587,654,2.01,2.09,0.0
4.203606128692627,655,1.99,2.1,0.0
4.211156129837036,656,2.0,2.1,0.0
4.216829061508179,657,1.99,2.11,0.01
4.223541021347046,658,2.0,2.12,0.0
4.230416297912598,659,2.0,2.11,0.0
4.236548185348511,660,1.99,2.13,0.0
4.24313497543335,660,2.0,2.12,0.0
4.249452114105225,661,2.01,2.12,0.0
4.2552289962768555,662,2.0,2.13,0.0
4.2610931396484375,663,2.0,2.12,0.0
4.2675840854644775,664,2.0,2.13,0.02
4.273241281509399,665,2.0,2.14,0.0
4.278642177581787,666,1.99,2.13,0.0
4.284334182739258,667,2.01,2.15,0.0
4.289813041687012,668,2.0,2.15,0.0
4.295178174972534,669,2.0,2.13,0.0
4.301123142242432,670,2.0,2.14,0.0
4.307521104812622,671,2.01,2.15,0.0
4.313353061676025,672,2.01,2.15,0.0
4.319213151931763,673,2.01,2.14,0.06
4.3251471519470215,673,2.0,2.16,0.0
4.3321661949157715,674,2.0,2.15,0.0
4.338564157485962,675,2.01,2.16,0.0
4.348759174346924,676,2.0,2.17,0.0
4.356251239776611,677,2.01,2.17,0.0
4.362143039703369,678,2.0,2.19,0.0
4.368765115737915,679,2.05,2.17,0.0
4.374495983123779,680,2.01,2.18,0.0
4.379990100860596,681,2.01,2.18,0.0
4.385989189147949,682,2.01,2.18,0.0
4.392850160598755,683,2.01,2.19,0.0
4.400047302246094,684,2.01,2.19,0.0
4.407235145568848,685,2.01,2.2,0.0
4.4131550788879395,686,2.01,2.2,0.0
4.419196128845215,687,2.01,2.19,0.0
4.424976110458374,687,2.02,2.2,0.0
4.431626081466675,688,2.01,2.21,0.0
4.444135904312134,689,2.01,2.2,0.0
4.451220989227295,690,2.0,2.21,0.0
4.457129955291748,691,2.0,2.22,0.0
4.464224100112915,692,2.01,2.21,0.0
4.47025203704834,693,2.02,2.22,0.0
4.475813150405884,694,2.01,2.22,0.01
4.481418132781982,695,2.01,2.22,0.0
4.487466096878052,696,2.0,2.23,0.0
4.494794130325317,697,2.0,2.24,0.0
4.501840114593506,698,2.02,2.23,0.0
4.5085062980651855,699,2.0,2.24,0.01
4.514275074005127,700,2.0,2.25,0.0
4.520271301269531,700,2.01,2.24,0.0
4.527014255523682,701,2.01,2.24,0.0
4.532793283462524,702,2.02,2.25,0.0
4.539047956466675,703,2.01,2.25,0.0
4.548105955123901,704,2.02,2.25,0.0
4.555460214614868,705,2.01,2.25,0.0
4.561371326446533,706,2.01,2.26,0.0
4.570899963378906,707,2.01,2.27,0.0
4.577317237854004,708,2.02,2.27,0.0
4.582763195037842,709,2.01,2.26,0.01
4.588236093521118,710,2.02,2.27,0.0
4.5991411209106445,711,2.01,2.28,0.0
4.605049133300781,712,2.01,2.28,0.0
4.610818147659302,713,2.01,2.3,0.0
4.617522239685059,714,2.03,2.3,0.0
4.624901294708252,714,2.01,2.27,0.0
4.631058931350708,715,2.01,2.28,0.0
4.637088060379028,716,2.0,2.3,0.0
4.644596099853516,717,2.01,2.3,0.0
4.652229309082031,718,2.02,2.3,0.0
4.658111095428467,719,2.01,2.31,0.01
4.664989948272705,720,2.01,2.31,0.0
4.670726299285889,721,2.02,2.31,0.0
4.6764161586761475,722,2.01,2.33,0.0
4.682100057601929,723,2.01,2.32,0.0
4.687621116638184,724,2.01,2.32,0.0
4.69379997253418,725,2.01,2.32,0.0
4.701431035995483,726,2.0,2.31,0.0
4.708797931671143,727,2.01,2.32,0.01
4.71580696105957,727,2.0,2.33,0.0
4.721883296966553,728,2.02,2.35,0.0
4.727651119232178,729,2.02,2.34,0.01
4.7335731983184814,730,2.01,2.34,0.01
4.739232063293457,731,2.02,2.35,0.0
4.745244264602661,732,2.0,2.35,0.01
4.754991292953491,733,2.02,2.35,0.0
4.761637210845947,734,2.01,2.36,0.01
4.76871919631958,735,2.01,2.35,0.0
4.7748072147369385,736,2.02,2.35,0.01
4.780478000640869,737,2.01,2.37,0.02
4.785883188247681,738,2.01,2.37,0.01
4.791462182998657,739,2.01,2.37,0.01
4.797235012054443,740,2.01,2.37,0.02
4.802833318710327,741,2.01,2.37,0.02
4.808803081512451,741,2.01,2.38,0.01
4.816277027130127,742,2.01,2.38,0.0
4.823408126831055,743,2.01,2.43,0.02
4.830721139907837,744,2.01,2.38,0.02
4.837141036987305,745,2.02,2.39,0.01
4.844178199768066,746,2.01,2.38,0.01
4.850541114807129,747,2.01,2.4,0.03
4.85683012008667,748,2.06,2.39,0.02
4.862332344055176,749,1.99,2.4,0.03
4.8688812255859375,750,2.01,2.41,0.02
4.876078128814697,751,2.0,2.4,0.03
4.881822109222412,752,2.01,2.41,0.03
4.887477159500122,753,2.01,2.42,0.03
4.893286228179932,754,2.02,2.42,0.03
4.8993542194366455,754,2.01,2.43,0.05
4.906936168670654,755,2.0,2.42,0.03
4.913006067276001,756,2.0,2.43,0.05
4.9186811447143555,757,2.0,2.42,0.03
4.925891160964966,758,2.01,2.43,0.04
4.932357311248779,759,2.01,2.43,0.03
4.938733100891113,760,2.01,2.43,0.03
4.9447150230407715,761,2.0,2.44,0.03
4.950861215591431,762,2.01,2.45,0.04
4.958124160766602,763,2.01,2.45,0.04
4.9638352394104,764,2.01,2.44,0.05
4.972379207611084,765,2.02,2.45,0.04
4.978499174118042,766,2.01,2.45,0.05
4.984004259109497,767,2.0,2.46,0.05
4.989615201950073,767,2.01,2.46,0.04
4.995225191116333,768,2.01,2.46,0.05
5.000774145126343,769,2.02,2.47,0.05
5.00642204284668,770,2.0,2.45,0.05
5.012163162231445,771,2.01,2.45,0.05
5.018193244934082,772,2.01,2.47,0.06
5.0246052742004395,773,2.01,2.48,0.05
5.030100107192993,774,2.01,2.48,0.06
5.036009073257446,775,2.01,2.48,0.06
5.043062210083008,776,2.01,2.49,0.09
5.051180124282837,777,2.01,2.49,0.07
5.058464050292969,778,2.01,2.5,0.06
5.064112186431885,779,2.01,2.5,0.08
5.070101022720337,780,2.01,2.5,0.07
5.077382326126099,781,2.01,2.5,0.07
5.082890033721924,781,2.01,2.49,0.08
5.088395118713379,782,2.01,2.49,0.17
5.09384822845459,783,2.03,2.5,0.09
5.0994932651519775,784,2.01,2.51,0.09
5.106872081756592,785,2.02,2.52,0.08
5.113544940948486,786,2.03,2.48,0.06
5.11927604675293,787,2.01,2.51,0.09
5.1251561641693115,788,2.02,2.52,0.09
5.131916046142578,789,2.01,2.53,0.08
5.138282060623169,790,2.04,2.53,0.09
5.149693965911865,791,2.01,2.54,0.1
5.157049179077148,792,2.01,2.55,0.09
5.164015293121338,793,2.0,2.54,0.1
5.173843145370483,794,2.03,2.55,0.1
5.180688142776489,794,2.01,2.54,0.1
5.186252117156982,795,2.01,2.55,0.11
5.191854238510132,796,2.01,2.55,0.1
5.197170257568359,797,2.01,2.56,0.11
5.202405214309692,798,2.01,2.56,0.12
5.208100080490112,799,2.01,2.56,0.11
5.213938236236572,800,2.01,2.55,0.11
5.220477104187012,801,2.01,2.57,0.12
5.227334260940552,802,2.01,2.58,0.12
5.234013319015503,803,2.01,2.57,0.12
5.243202209472656,804,2.01,2.57,0.13
5.275551080703735,805,2.02,2.58,0.13
5.281200170516968,806,1.99,2.59,0.13
5.28675103187561,807,2.01,2.59,0.14
5.2921202182769775,808,2.01,2.59,0.13
5.297680139541626,808,2.01,2.6,0.14
5.303271293640137,809,2.01,2.61,0.15
5.309199094772339,810,2.01,2.6,0.14
5.31486701965332,811,2.0,2.58,0.15
5.320543050765991,812,2.02,2.59,0.14
5.326598167419434,813,2.02,2.6,0.15
5.333176136016846,814,2.01,2.62,0.15
5.339442253112793,815,2.01,2.62,0.15
5.3452301025390625,816,2.01,2.6,0.15
5.353693962097168,817,2.02,2.61,0.16
5.360406160354614,818,2.01,2.62,0.15
5.366937160491943,819,2.01,2.62,0.16
5.373823165893555,820,2.01,2.63,0.17
5.38031530380249,821,2.02,2.63,0.16
5.386077165603638,821,2.01,2.63,0.17
5.391778230667114,822,2.01,2.64,0.16
5.397402286529541,823,2.01,2.63,0.16
5.402716159820557,824,2.0,2.64,0.18
5.408193111419678,825,2.02,2.63,0.16
5.4155189990997314,826,2.0,2.65,0.17
5.421813011169434,827,2.02,2.65,0.17
5.4277472496032715,828,2.01,2.65,0.18
5.4338459968566895,829,2.01,2.65,0.19
5.4401092529296875,830,2.01,2.62,0.19
5.4472010135650635,831,2.01,2.66,0.18
5.45292592048645,832,2.01,2.66,0.19
5.458819150924683,833,2.0,2.67,0.19
5.466002941131592,834,2.01,2.66,0.19
5.472427129745483,835,2.01,2.65,0.19
5.480093955993652,835,2.02,2.68,0.28
5.485939025878906,836,2.01,2.67,0.2
5.491551160812378,837,2.02,2.69,0.2
5.497111082077026,838,2.01,2.69,0.21
5.502768278121948,839,2.01,2.69,0.17
5.508947134017944,840,2.01,2.67,0.22
5.5169689655303955,841,2.01,2.69,0.17
5.5238401889801025,842,2.01,2.7,0.21
5.530499219894409,843,2.01,2.7,0.22
5.53621506690979,844,2.02,2.69,0.22
5.542216062545776,845,2.01,2.71,0.22
5.548816204071045,846,2.0,2.7,0.23
5.555905103683472,847,2.01,2.72,0.24
5.562321186065674,848,1.99,2.71,0.23
5.568538188934326,848,2.0,2.71,0.23
5.576365232467651,849,2.02,2.72,0.21
5.5855021476745605,850,2.01,2.72,0.24
5.59144926071167,851,2.01,2.72,0.24
5.59705114364624,852,2.01,2.72,0.2
5.602553129196167,853,2.01,2.72,0.25
5.608313083648682,854,2.01,2.73,0.25
5.613889217376709,855,2.01,2.73,0.25
5.619277238845825,856,2.02,2.73,0.25
5.625301122665405,857,2.01,2.74,0.25
5.631270170211792,858,2.01,2.74,0.26
5.636988162994385,859,2.02,2.74,0.26
5.643511056900024,860,2.0,2.74,0.25
5.649500131607056,861,2.01,2.76,0.27
5.655445098876953,862,2.01,2.75,0.26
5.661306142807007,862,2.01,2.75,0.26
5.669281005859375,863,2.01,2.75,0.26
5.6751720905303955,864,2.01,2.81,0.27
5.681997060775757,865,2.03,2.76,0.23
5.687331199645996,866,2.01,2.76,0.28
5.692848205566406,867,2.01,2.71,0.27
5.698350191116333,868,2.01,2.76,0.28
5.703914165496826,869,2.0,2.77,0.28
5.710039138793945,870,2.0,2.77,0.29
5.715948104858398,871,2.01,2.78,0.28
5.722161293029785,872,2.02,2.79,0.28
5.727943181991577,873,2.01,2.8,0.29
5.734759330749512,874,1.99,2.8,0.29
5.741052150726318,875,2.01,2.79,0.29
5.748701333999634,875,1.99,2.8,0.3
5.754225254058838,876,2.01,2.8,0.3
5.760061979293823,877,2.01,2.8,0.31
5.766606092453003,878,2.01,2.8,0.3
5.773311138153076,879,2.01,2.81,0.32
5.780110120773315,880,2.01,2.8,0.32
5.78602409362793,881,2.0,2.81,0.32
5.791737079620361,882,2.01,2.81,0.31
5.797734260559082,883,2.02,2.81,0.31
5.80344820022583,884,2.01,2.82,0.32
5.810169219970703,885,2.01,2.83,0.34
5.816354036331177,886,2.0,2.83,0.34
5.8244171142578125,887,2.02,2.83,0.32
5.83042311668396,888,2.01,2.83,0.35
5.836082220077515,889,2.02,2.84,0.33
5.842364311218262,889,2.0,2.83,0.34
5.848597049713135,890,2.01,2.84,0.34
5.857916355133057,891,2.01,2.84,0.35
5.865188121795654,892,2.01,2.85,0.35
5.871446132659912,893,2.02,2.86,0.35
5.8773651123046875,894,2.01,2.85,0.34
5.885403156280518,895,2.02,2.87,0.35
5.891162157058716,896,2.01,2.86,0.35
5.898226261138916,897,2.01,2.86,0.35
5.9040281772613525,898,2.02,2.86,0.36
5.909488201141357,899,2.0,2.84,0.36
5.915107250213623,900,2.01,2.87,0.37
5.9206061363220215,901,2.01,2.88,0.37
5.926190137863159,902,2.01,2.87,0.38
5.93182897567749,902,2.01,2.87,0.33
5.937713146209717,903,2.01,2.88,0.37
5.943589210510254,904,2.01,2.88,0.36
5.950819253921509,905,2.01,2.88,0.38
5.956594944000244,906,2.0,2.89,0.37
5.962202310562134,907,2.01,2.89,0.39
5.968601226806641,908,2.01,2.89,0.39
5.9765331745147705,909,2.0,2.9,0.4
5.983215093612671,910,2.01,2.91,0.38
5.9918372631073,911,2.01,2.9,0.38
5.997324228286743,912,2.01,2.91,0.39
6.002808094024658,913,2.01,2.92,0.39
6.008573055267334,914,2.0,2.91,0.4
6.0158531665802,915,2.02,2.96,0.41
6.021819114685059,916,2.01,2.92,0.4
6.027795076370239,916,2.01,2.92,0.39
6.033904314041138,917,2.01,2.92,0.41
6.03984808921814,918,2.01,2.92,0.41
6.04577898979187,919,2.01,2.94,0.41
6.052808046340942,920,2.01,2.93,0.41
6.059182167053223,921,2.01,2.93,0.42
6.067543029785156,922,2.0,2.88,0.42
6.073626279830933,923,2.02,2.94,0.42
6.080513000488281,924,2.0,2.94,0.43
6.086499214172363,925,2.01,2.95,0.43
6.093595266342163,926,2.01,2.96,0.43
6.100157022476196,927,2.01,2.95,0.44
6.105578184127808,928,2.01,2.95,0.43
6.115275144577026,929,2.01,2.96,0.43
6.123023271560669,929,2.01,2.93,0.44
6.129138946533203,930,1.99,2.97,0.44
6.135274171829224,931,2.02,2.97,0.44
6.141469240188599,932,2.02,2.97,0.45
6.1489479541778564,933,2.01,2.98,0.44
6.156370162963867,934,2.02,2.97,0.45
6.162781238555908,935,2.01,2.98,0.46
6.168880224227905,936,2.02,2.98,0.46
6.176262140274048,937,2.01,2.98,0.46
6.1856911182403564,938,2.01,2.98,0.47
6.192456960678101,939,2.01,2.95,0.47
6.198428153991699,940,2.0,2.99,0.45
6.204090118408203,941,2.01,2.99,0.47
6.209524154663086,942,2.02,3.01,0.43
6.215074062347412,943,2.01,3.0,0.48
6.220700263977051,943,2.01,2.98,0.47
6.226043224334717,944,2.0,2.99,0.48
6.231574058532715,945,2.02,3.01,0.49
6.238028049468994,946,2.02,3.01,0.48
6.244176149368286,947,2.01,3.01,0.48
6.250430107116699,948,2.02,3.01,0.5
6.258089065551758,949,2.01,3.03,0.49
6.266017198562622,950,2.01,3.03,0.49
6.271623134613037,951,2.02,3.02,0.55
6.277460098266602,952,2.01,3.11,0.51
6.284571170806885,953,2.01,3.03,0.5
6.291926145553589,954,2.01,3.03,0.5
6.297562122344971,955,2.01,3.04,0.5
6.303090333938599,956,2.01,3.05,0.5
6.308700323104858,956,2.02,3.03,0.5
6.314301013946533,957,2.0,3.05,0.5
6.320280075073242,958,2.0,3.05,0.51
6.32804012298584,959,2.01,3.04,0.52
6.334832191467285,960,2.01,3.05,0.61
6.342444181442261,961,2.02,3.05,0.53
6.348434209823608,962,2.01,3.05,0.52
6.3546411991119385,963,2.01,3.06,0.52
6.360784292221069,964,2.01,3.06,0.53
6.367377281188965,965,2.01,3.06,0.53
6.373322010040283,966,2.0,3.07,0.54
6.381744146347046,967,2.01,3.06,0.62
6.388721227645874,968,2.01,3.08,0.54
6.39572811126709,969,2.01,3.07,0.65
6.402860164642334,970,2.01,3.08,0.55
6.408408164978027,970,2.01,3.08,0.54
6.41407322883606,971,2.01,3.08,0.55
6.4197540283203125,972,2.01,3.08,0.55
6.426655054092407,973,2.01,3.19,0.55
6.4335222244262695,974,2.0,3.09,0.55
6.441662073135376,975,2.02,3.09,0.58
6.449303150177002,976,2.04,3.08,0.56
6.454925060272217,977,2.0,3.08,0.55
6.460638999938965,978,2.0,3.08,0.55
6.467740297317505,979,2.01,3.09,0.54
6.475450277328491,980,2.01,3.09,0.54
6.4834301471710205,981,2.01,3.09,0.55
6.491013288497925,982,2.01,3.08,0.55
6.496873140335083,983,2.01,3.08,0.55
6.50261926651001,983,2.01,3.08,0.55
6.508124351501465,984,2.01,3.08,0.55
6.513984203338623,985,2.01,3.09,0.55
6.520048141479492,986,2.0,3.08,0.55
6.527695178985596,987,2.01,3.09,0.57
6.534059047698975,988,2.01,3.08,0.55
6.540584087371826,989,2.0,3.09,0.55
6.548306941986084,990,2.01,3.09,0.55
6.556289196014404,991,2.02,3.08,0.55
6.564062118530273,992,2.01,3.09,0.55
6.56965708732605,993,2.01,3.08,0.55
6.576339960098267,994,2.02,3.08,0.55
6.583877086639404,995,2.01,3.08,0.55
6.589985132217407,996,2.01,3.08,0.55
6.5975120067596436,997,2.02,3.08,0.55
6.603269100189209,997,2.01,3.08,0.55
6.60890007019043,998,2.01,3.08,0.55
6.614439249038696,999,2.01,3.08,0.55
6.62047004699707,1000,2.01,3.08,0.58
6.626469135284424,1001,2.01,3.08,0.55
6.634202241897583,1002,2.0,3.09,0.55
6.640008926391602,1003,2.01,3.08,0.55
6.64589524269104,1004,2.01,3.08,0.55
6.652890205383301,1005,2.02,3.08,0.55
6.662672281265259,1006,2.01,3.09,0.55
6.6724631786346436,1007,2.0,3.09,0.55
6.680837154388428,1008,2.0,3.08,0.55
6.686998128890991,1009,2.01,3.1,0.56
6.693174123764038,1010,2.01,3.07,0.54
6.699389934539795,1010,2.01,3.09,0.55
6.706610918045044,1011,2.01,3.17,0.55
6.712808132171631,1012,2.01,3.08,0.55
6.718404293060303,1013,2.01,3.08,0.55
6.724220275878906,1014,2.02,3.08,0.54
6.729879140853882,1015,1.99,3.09,0.55
6.73567533493042,1016,2.01,3.08,0.55
6.742813348770142,1017,2.01,3.08,0.55
6.750597238540649,1018,2.01,3.08,0.54
6.756796360015869,1019,2.02,3.08,0.55
6.764786958694458,1020,2.01,3.08,0.55
6.770430088043213,1021,2.01,3.08,0.55
6.776695013046265,1022,2.0,3.13,0.55
6.784984111785889,1023,2.01,3.08,0.55
